name	employer
U21998	illinois college advising corps
U21998	victoria amplifiers
U21998	university of illinois at chicago
U27476	ibm
U27476	nyse euronext
U27476	skim.me
U27476	shanghai pudong development bank
U27476	qad
U4665	technology services group - chicago
U4665	ge healthcare
U1313	discovery education
U1313	ctb mcgraw-hill
U1313	university of charleston university of south carolina
U1313	south carolina department of education
U1313	chesapeake va and sumter sc
U1313	virgina state corrections
U8804	gruppo euris spa
U8804	iconsulting
U8804	econoetica
U8804	universit&#xe0; di bologna
U8804	university of illinois at urbana-champaign
U14078	kth
U9628	sc johnson
U9628	university of illinois at urbana-champaign
U9628	palos verdes beach &amp; athletic club
U9721	caterpillar inc.
U6021	sony biotechnology inc.
U27759	university of illinois at urbana-champaign
U7310	microsoft
U7310	illinois computer technology
U7310	university of illinois at urbana-champaign
U7310	state farm insurance
U22859	amazon
U22859	ibm india research lab
U22859	coordinated science lab
U22859	toyota technical center
U1417	designing events
U25611	bluegranite
U25611	measured progress
U25611	sweetser
U24095	microsoft research redmond
U24095	microsoft research asia
U3895	vertica systems an hp company
U3895	morgan stanley
U3895	microsoft
U3895	google
U13005	illinois state university
U13005	university of illinois at urbana-champaign
U4249	wysiwyg marketing
U4249	private
U4249	shapemaster
U4249	avon
U4249	dressbarn
U4249	merge partner
U9140	university of illinois at urbana-champaign
U9140	instituno nacional de estudos e pesquisas educacionais an&#xed;sio teixeira - inep
U9140	ipea
U16112	pwc
U9724	palantir technologies
U9724	otcr consulting
U9724	university of illinois campus honors program
U9724	piazza
U9724	state farm insurance
U9724	mimosa acoustics
U27708	accume marketing consulting
U27708	artm communications sh
U27708	hill &amp; knowlton
U27708	genedigi consulting
U27708	televoice information development
U18954	illinois institute of technology
U18954	nec laboratories america
U18954	argonne national laboratory
U24549	electronic arts
U24549	microsoft
U24549	university of illinois at urbana-champaign
U24549	credit suisse
U24549	indian institute of science
U18514	university of illinois at urbana-champaign
U18514	ultimate software
U18514	microsoft
U18514	florida atlantic university
U15272	uc berkeley
U15272	msr redmond
U15272	msr cambridge
U15272	university of waterloo
U15272	information engineers and consultants bangladesh ltd.
U3933	generalbiologic
U3933	hubs1
U3933	woyo.com
U3933	izenesoft (shanghai) co. ltd
U15946	hsbc
U15946	i3 consulting private ltd.
U15946	grail research
U15946	gharda chemicals limited
U25630	ctb mcgraw hill
U25630	measured progress
U25630	multinational resources
U25632	john deere
U22031	chicago review press
U22031	dalkey archive press
U11562	university of illinois at urbana-champaign
U11562	microsoft
U11562	facebook
U22071	chicago public schools
U22071	illinois wesleyan development department
U22071	children&#x2019;s discovery museum
U22071	martin flory group
U15292	university of illinois at urbana-champaign
U15292	illinois state water survey prairie research institute
U15292	oklahoma state university
U15292	british american tobacco
U15292	bangladesh university of engineering &amp; technology
U15292	bangladesh insulation &amp; sanitary factory (bisf)
U7912	center for study of reading uiuc
U7912	university of illinois at urbana-champaign
U7912	asian library at uiuc
U7912	hefei cambridge english training school
U22018	kipp endeavor academy
U22018	illinois leadership center
U22018	university of illinois at urbana-champaign
U22018	bulls sox training academy
U18925	zgift.cn
U18925	chinafung.com
U7136	sigma aldrich
U7136	university of illinois at urbana-champaign
U7136	office of technology management uiuc
U7136	tolerogenics inc illinois ventures llc
U8741	systems research group university of illinois at urbana-champaign
U8741	fujitsu laboratories of america
U8741	nasa goddard space flight center
U8741	california institute for telecommunications and information technology
U8741	uci computer graphics group
U8741	smsold
U21990	walmart
U21990	gilly hicks
U21990	campus recreation
U3927	morgan stanley
U1381	medical council of canada
U1381	aicpa
U22753	amazon.com
U22753	oracle
U22753	intel corporation
U22753	yahoo!
U22753	bhabha atomic research center
U22087	siemens industry us
U22087	university of illinois
U22087	ge capital- equipment &amp; fleet finance
U22087	larsen &amp; toubro
U27804	ibm
U24252	viasat
U24252	george mason university
U7355	department of gender and women's studies
U7355	outta mouths of babes
U7355	program on intergroup relations | diversityed-university of illinois
U7355	illinois leadership center | university of illinois urbana-champaign
U7355	women's resources center | university of illinois at urbana-champaign
U7355	four walls and a roof
U7355	world heritage exchange organization
U7355	forte international exchange organization
U7355	planned parenthood of illinois
U12969	mckinley health center
U12969	university of illinois at urbana-champaign
U12969	all saints lutheran church
U12969	american cancer society
U12969	plush horse ice cream parlor
U14024	university of illinois at urbana-champaign
U18518	liber.me
U18518	acm siggraph
U27582	s&amp;p capital iq
U27582	university of illinois at urbana-champaign
U27582	kingtek corporation
U27464	paiqoo.com
U27464	yitalent.com
U27464	anncareer consulting
U27464	lenovo mobile
U8029	presque isle county sheriff department
U1075	ets
U1075	educational testing service
U24259	amazon
U18564	microsoft
U27283	epic
U27283	bagtheweb inc.
U27283	university of illinois at urbana-champaign
U11575	google
U11575	yahoo!
U14507	university of illinois urbana-champaign
U27477	university of washington
U25619	humanex ventures
U25619	assessment learning and technology solutions (alts)
U25619	oasis institute of higher education
U25619	james madison university
U25619	gallup organization
U25619	presentation college san fernando
U25619	siparia senior comprehensive school
U2661	university of chicago
U2661	shanghai jiao tong university
U2661	microsoft research asia
U24143	akamai technologies
U24143	vng corporation
U24143	bkav corporation
U8000	aerofoams industries inc
U24152	university of turku
U11591	office of community college research and leadership at university of illinois
U11591	family resiliency center uiuc
U11591	department of kinesiology and community health
U11591	department of educational psychology
U11591	chinese proficiency test center
U11591	beijing language and culture university
U27585	apple
U27585	university of pittsburgh school of information science
U27585	haoban digital co.
U27498	intel corporation
U27498	purdue university ultrafast optics laboratory
U27498	nec laboratories america
U27498	association of purdue chinese alumni (apca)
U14520	horizon hobby
U14520	chicago bridge and iron
U14520	gehl company
U14520	electrolux
U14520	woods equipment company
U14520	frantz manufacturing
U14520	caremark
U14520	abar-ipsen industries
U14520	sundstrand aviation company
U1441	pacific metrics
U1441	pearson
U1441	james madison university
U1441	aicpa
U1441	guilford day school
U1441	guilford county schools
U2714	university of illinois at chicago
U2714	pohang university of science and technology
U8051	mcfadden lighting
U27300	itochu prominent usa llc
U27300	university of illinois at urbana-champaign
U27300	hong ye investment company
U27300	ernst &amp; young
U27300	kpmg
U18934	benjamin an and co. p.c.
U18948	cummins inc.
U4638	broadcom
U4638	ucla
U4638	marvell
U7379	wood rodgers inc.
U7379	university of illinois at urbana-champaign
U7379	international water resources association
U7379	illini union board - mini courses
U7379	shell oil company
U15289	university of alabama at birmingham
U15289	bangladesh open source network
U15289	wikipedia
U15289	johns hopkins university
U15289	university of illinois at urbana-champaign
U15289	google
U15289	national center for supercomputing applications
U15289	bangladesh university of engineering and technology
U15289	dhaka international university
U14005	university of miami
U24165	qualcomm
U24165	university of utah
U24165	robotic center isfahan university of technology
U1108	university of texas at austin
U14015	open systems laboratory university of illinois at urbana-champaign
U15329	bangladesh university of engineering and technology
U15329	odesk
U15329	freelancer.com
U15329	artcube media inc.
U15329	mazumder it limited
U24080	google
U24080	university of illinois at urbana-champaign
U24080	at&amp;t labs research
U24080	microsoft research asia
U1073	educational testing service (ets)
U18981	university of illinois at urbana-champaign
U19856	uop
U19856	archer daniels midland
U19856	university of illinois at urbana-champaign
U19856	american institute of chemical engineers
U19856	morris hospital
U4456	act
U4456	university of illinois at urbana-champaign
U4012	university of southern california
U4012	microsoft research asia
U3958	microsoft
U24046	whova
U24046	university of illinois at urbana-champaign
U24046	microsoft
U24046	google
U24046	chinese academy of sciences
U24046	fudan university
U3954	university of north carolina at charlotte
U3954	bosch research and technology center
U3954	vufind inc.
U3954	pacific northwest national laboratory
U11564	at&amp;t labs - research
U11564	university of michigan
U15173	infocomm development authority of singapore
U15173	aragon high school
U7380	apple
U7380	qualcomm
U7380	university of illinois at urbana-champaign
U7380	ge healthcare it
U7380	center for reliable and high performance computing at university of illinois
U7380	wilmette park district
U7380	chicago volunteer legal services
U15318	eyeball networks
U15318	british council
U27460	yelp.com
U27460	self employed
U27460	uc berkeley: department of human resources
U27460	nicholas c. petris center
U27460	c&amp;m equity solutions llc.
U7213	deloitte
U7213	kpmg india
U7213	pepsico
U27711	university of illinois at urbana-champaign
U27711	american university of beirut
U11558	google
U11558	intel
U11558	microsoft research asia
U2625	microsoft
U25634	self-employed
U25634	stataid
U25634	american association for advancement of science
U25634	metagora paris21 oecd
U25634	american bar association
U25634	sierra leone truth and reconciliation commission
U25634	carnegie mellon university
U25634	u.s. census bureau
U7104	microsoft
U7104	university of illinois at urbana-champaign
U7104	state farm insurance
U14575	carle foundation hospital
U7092	dropbox
U7092	orchestra inc.
U7092	hewlett-packard
U7092	state farm research and development center
U7092	university of illinois at urbana-champaign
U3971	yahoo!
U3971	alibaba cloud computing company
U4625	boston university
U4625	university of colorado at boulder
U1045	measured progress
U1045	saint mary academy
U1045	psychometric society
U1045	act
U16132	argonne national laboratory
U27971	illinois institute of technology
U7151	google
U7151	department of computer science | university of illinois
U7151	microsoft
U7151	bank of america merrill lynch
U7151	otcr consulting
U7151	black brothers co.
U7153	facebook
U7153	google
U7153	uc san diego
U7153	apple
U7390	alliance for children and families
U7390	dutchess county district attorney's office
U7390	littman-krooks llp
U27661	google
U27661	at&amp;t labs inc.
U27661	university of michigan
U8018	keller williams realty champaign il
U8018	champaign county crime stoppers
U27752	howard hughes medical institute
U27752	university of illinois at urbana-champaign
U27752	advanced center for treatment research and education in cancer navi mumbai india
U13993	salesforce.com
U22011	champaign unit 4 schools
U22011	danville community high school
U22011	project success vermillion county
U22011	geneva park district
U24154	google
U18914	beijing jinshi and sunglory education technology co. ltd.
U14057	university of illinois at urbana-champaign
U14057	ucsf
U14057	california institute of technology
U14057	cedars-sinai medical center ucla school of medicine
U9130	illini art therapy association
U9130	university of illinois at urbana-champaign
U9130	southern illinois university
U9130	state university of new york at buffalo
U24254	new york university
U14572	metro vineyard san juan pr
U8710	university of illinois at urbana-champaign
U9660	kraft foods group
U9660	university of illinois at urbana-champaign
U9660	toyota
U15501	markstahler properties
U15501	rdi
U9706	university of illinois at urbana-champaign
U9706	anheuser-busch inbev
U9706	exxonmobil
U2136	caterpillar
U22824	interaction projects
U22824	minsheng pain management &amp; anesthesia pllc
U22824	dance with joy studios
U22824	puppet labs inc.
U22824	portland dancesport
U22824	reed college residence life
U22824	raising star swimming
U1259	prometric
U1259	data recognition corporation
U1259	various public and private mental health centers clinics hospitals
U1259	institutional research analytical studies northern illinois university
U22780	abb corporate research
U15325	sony pse
U15325	rommore ltd
U22825	yahoo!
U22825	university of waterloo
U22825	ibm canada ltd.
U22825	master control facility department of isro hassan
U10051	krames staywell
U10051	cygnus business media
U10051	american academy of pediatrics
U19842	clorox company
U19842	department of chemical and biomolecular engineering at uiuc
U19842	unilever
U19842	flossmoor country club
U27657	ibm
U27657	university of texas at austin
U27657	yelp.com
U11590	university of illinois at urbana-champaign
U11590	shanda games
U1220	excelsior college
U1220	university at albany
U1220	professional examination service
U4607	university of maryland
U19913	google
U19913	university of illinois at urbana-champaign
U19913	student sustainability committee
U19913	bazaarvoice
U19913	city of moline
U27553	roland berger strategy consultants
U27553	deloitte consulting
U27553	arthur d. little
U27553	thomas weisel partners
U1068	little brothers - friends of elderly
U1068	leaders in business development | marketing | united states
U1068	liaison international
U1068	pearson language tests
U1068	pearson knowledge technologies
U1068	ets
U14555	breaking ground
U14555	discipling for development
U14555	goso organization
U14555	tearfund
U14555	navigators
U14555	mosanto asgrow
U14555	purdue university
U9154	university of illinois fire service institute
U9154	boy scouts of america prairielands council
U9154	edge-scott fire protection district
U9154	alpha chi rho fraternity
U9154	carle foundation hospital
U8004	soy capital bank and trust
U27676	university of illinois at urbana-champaign
U14029	nvidia
U14029	university of illinois at urbana-champaign
U14029	motorola
U14029	hp labs bangalore
U14029	indian institute of sciences (iisc) bangalore
U14029	bhabha atomic research centre
U24062	towers watson
U24062	pricewaterhousecoopers
U24077	university of illinois at urbana-champaign
U24077	facebook
U24077	yahoo!
U1252	stephanie gertz consulting
U27636	university of delaware
U27636	shanghai jiao tong university
U7967	skidmore owings &amp; merrill llp (som)
U7967	university of illinois at urbana-champaign
U7967	cpg consultants pte ltd
U7967	tongji uinversity shanghai
U7967	guangsha real estate nanjing
U27463	qualcomm
U15168	ece department at uiuc
U15168	university of illinois at urbana-champaign
U27588	yelp
U27588	zynga
U27588	microsoft
U27588	zune device
U13988	wolfram research
U14665	ara
U14665	iss inc.
U14665	eye center
U14665	university of illinois medical center
U14665	jingyi futures co. ltd
U14665	beihang university
U27614	yelp.com
U24117	blizzard entertainment
U24117	at&amp;t
U1136	educational testing service (ets)
U8699	university of illinois at urbana-champaign
U8699	google
U8699	cornell university
U8699	microsoft
U8699	ibm
U7194	yahoo!
U7194	nokia siemens networks
U7194	cisco systems
U15321	weike gaming technology
U15321	itwin pte ltd.
U15321	tigerit bangladesh limited
U22055	siemens
U22055	magnetic resonance and functional imaging lab
U22055	ernst &amp; young
U22055	srf limited
U24263	university of illinois at urbana-champaign
U24263	princeton university
U24263	oklahoma state university
U8054	university of illinois at urbana-champaign
U7307	information trust intitute at university of illinois
U7307	monkey inferno
U7307	project neuron at university of illinois
U7307	hewlett-packard
U7307	state farm insurance
U7307	office for mathematics science and technology education
U7307	hp palm
U7307	university of illinois at urbana-champaign
U7307	rockwood school district
U7077	linkedin
U7077	university of illinois at urbana-champaign
U7077	uc berkeley
U4634	university of illinois at urbana-champaign
U4634	ge global research
U15299	jaxara
U15299	osource bangladesh
U18545	ultimate software
U15193	yahoo!
U15193	national center for supercomputing applications(ncsa)
U15193	independent
U18588	sheridan healthcorp
U18539	amazon
U18539	university of illinois at urbana-champaign
U18539	cisco systems
U18539	cerner corporation
U27541	uc san diego
U27541	cisco systems
U27541	qad inc
U9655	arcelormittal
U9655	university of illinois kinesiology department
U9655	lincoln-way community high school
U9655	camp manitoqua and retreat center
U25622	icrisat
U2627	linkedin
U2627	business.com inc
U2627	suny at buffalo
U2627	cedar suny buffalo
U2627	i2 technologies india pvt. ltd
U2627	aalayance e com services pvt. ltd
U2627	aalayance ecom services pvt. ltd
U22019	north shore pediatric therapy
U22019	university of illinois at urbana-champaign
U22019	jewish child and family services
U22019	act one research services inc.
U14490	interior images by martha brown
U4574	arizona state university
U1072	edvance research inc.
U22752	way2wealth brokers pvt. ltd. illuminati
U15466	re max realty associates
U24071	renrendai business consulting (beijing) corp. ltd
U24071	microsoft research asia
U24071	university of rome &quot;la sapienza&quot;
U27604	wavelio
U27604	thankify
U27604	stamps and stamps inc 
U27756	shanghai jiao tong university
U27756	talent2
U16128	stanford university
U16128	total in china
U16128	guolairen business school
U9657	san diego gas &amp; electric
U9657	university of illinois at urbana-champaign
U9657	technische universit&#xe4;t darmstadt
U9657	kraft foods
U8091	none - in transitional stage!
U13969	qualcomm
U22828	bsb - bharti softbank
U6026	localytics
U5982	best sammich i ever had llc
U5982	baylor university
U5982	cbana labs inc.
U5982	serra ventures llc
U5982	gameday spirit
U14109	rise interactive
U14109	team enterprises
U14109	illini media
U14109	youswoop.com
U14109	emi music
U14109	alpha epsilon phi
U14109	star course
U14109	o'connor casting company
U14109	illinois rip chords
U15174	city of chicago
U15174	apple
U15174	university of illinois department of computer science
U15174	university of illinois college of engineering
U15174	math science and technology education uiuc
U15174	national center for supercomputing applications uiuc
U13961	university of illinois at urbana-champaign
U13961	northern illinois university
U15939	an investment management firm in pasadena ca usa
U15939	cozad asset management
U15939	pinnacle knowledge group
U15939	futures first info. services pvt. ltd.
U15939	cdls consulting
U18543	facebook
U15932	brookhaven national laboratory
U15932	johns hopkins university
U9642	university of illinois at urbana-champaign
U2688	chinese university of hong kong
U15269	samsung r&d institute bangladesh(srbd)
U27748	quixey
U27748	10gen (mongodb company)
U27748	palantir technologies
U27748	kinderlime
U27748	markwins international
U9694	nasa ames research center
U9694	university of illinois at urbana-champaign
U14088	entersoft
U27577	indiana university
U27577	shanghai jiao tong university
U27577	chemspec
U2696	peking university
U14136	illinois state university
U14136	jcc of chicago
U14136	university of illinois at chicago-institute for juvenile research and hyperactivity attention and l
U14136	university of illinois at urbana-champaign
U14136	camp jrf
U14136	university of illinois at chicago &amp; jewish child and youth services
U27499	netease
U27499	philips
U27499	nokia
U7237	frost &amp; sullivan
U7237	pittendrigh genomics laboratory
U7237	scientific animations without borders (sawbo)
U7260	linkedin
U7260	university of illinois at urbana-champaign
U7260	cerner corporation
U2683	ieee transactions on circuits and systems for video technology
U2683	microsoft research asia
U2683	sarnoff corporation
U2683	university of science and technology of china
U2656	university of illinois at urbana-champaign
U2656	microsoft research asia
U24239	ibm corporation
U21094	intel corporation
U21094	clemson university
U21094	youngstown state university
U21094	unc charlotte
U8096	area restrooms
U4689	university of illinois at urbana-champaign
U4689	hanoi university of science
U14492	numis network
U14492	bloomington normal il (and surrounding areas)
U22799	amazon
U27721	emsi
U24173	apostrophe solutions corp.
U24173	brock university
U24173	aramin information technology
U1359	measurement incorporated
U1359	nts research
U1359	act inc.
U7283	ernst &amp; young
U7283	puma india
U7283	cmai
U7283	ample auto tech
U27473	usi universitÃ  della svizzera italiana
U7195	microsoft
U7195	university of illinois at urbana-champaign
U7195	goldman sachs
U7195	apt-hire
U7195	siemens healthcare
U9630	state farm
U9630	illinois business consulting
U7244	intel corporation
U7244	university of illinois at urbana-champaign
U7244	bzula
U7244	asha for education
U7244	behr
U27687	facebook
U27687	linkedin
U27687	ucla
U27687	microsoft
U27687	emc
U27687	ebay
U18975	24en.com
U18975	ace youth development centre (ngo)
U18975	sichuan normal university
U7109	office of global and online education university of oregon
U7109	women's resources center university of illinois at urbana-champaign
U7109	illinois leadership center university of illinois at urbana-champaign
U7109	alternative spring break at university of illinois
U7109	leadership conferences &amp; programs
U7109	southwestern company
U7109	office of business and financial services (obfs) university of illinois at urbana-champaign
U7109	m-i-c illinois
U25645	tidepool
U25645	gumption lld
U25645	institute for creative technologies at university of southern california
U25645	eharmony inc
U25645	kaiser permanente
U7132	pervasive parallelism laboratory
U7132	quantifind
U7132	stanford university
U7132	transformative learning technologies lab
U7132	intel corporation
U7132	university of illinois at urbana-champaign
U5976	copper creek church
U5976	cv lloyde
U8003	tech spec home inspection service inc.
U8003	doehring home improvements
U8003	misubishi motors manufacturing of america
U8003	conrady construction inc
U9153	university of illinois at urbana-champaign
U9689	general atomics
U9689	center for plasma and material interactions
U2209	esnet
U2209	buraglio consulting
U2209	university of illinois
U2209	national center for supercomputing applications
U2209	sol tec
U2209	country financial
U24084	apple
U24084	canesta
U24084	netease
U27279	lytics lab
U27279	transformative learning technologies lab
U27279	stanford university
U27279	stanford persuasive technology lab
U27279	peking university
U27279	galtech
U27279	university of illinois at urbana-champaign
U2761	google
U2649	bocom international
U2649	inventiv health
U2649	glaxosmithkline plc
U2649	zhongrong international trust co. ltd
U24085	google
U1283	new jersey department of education
U7373	brookings institution
U7373	syrian emergency task force (setf)
U7373	muslim public affairs council
U7373	office of governor of illinois
U7272	tableau software
U7272	whitepages
U7272	yahoo! inc.
U1134	education analytics inc.
U1134	value-added research center at university of wisconsin
U1134	university of wisc. lafollette school of public affairs and wisconsin center for education research
U5996	continental carbonic products inc.
U5996	icyt mission technology inc. (a sony group company)
U5996	horizon hobby
U5996	vesuvius usa
U22010	naahp
U22010	mcdonald's corporation
U22010	sliders
U22010	tree house society
U22010	classic cinemas
U4457	university of illinois at urbana-champaign
U4457	aia
U4457	beijing municipal bureau of statistics
U26952	qloo inc.
U26952	university of illinois at urbana-champaign
U26952	illinois informatics institute
U26952	citi
U26952	industrial bank co. ltd
U6000	merge llc
U6000	merge partners inc
U6000	vineyard church
U6000	state farm insurance
U6000	hearts at home
U1284	mpr psychometric and statistical research consulting
U1175	measured progress
U1175	questar assessment inc.
U1175	achievement data inc.
U13981	institute for transportation research and education (itre)
U13981	university of illinois at urbana-champaign
U14477	outreach christian fellowship
U24130	university of southern california
U24130	google
U24130	information sciences institute
U19858	clorox company
U19858	university of illinois at urbana-champaign
U19858	plastic ingenuity
U15968	carl zeiss vision
U15968	booz &amp; company
U15968	freudenberg
U21464	world financial group (wfg)
U21464	whirlpool corporation
U21464	university of illinois at urbana-champaign
U21464	leadership education and development
U21464	great commission ministries
U4488	university of illinois at urbana-champaign
U1214	council of chief state school officers (ccsso)
U1214	louisiana department of education
U7113	yahoo!
U7113	citris
U16152	deutsche bank
U16152	cornerstone financial co. llc
U16152	bain capital
U16152	cid group
U16152	bain &amp; company
U7906	dmdc
U7906	ctb mcgraw-hill
U7906	ohio state university math dapartment
U9149	umass donahue institute
U11815	brandtrust
U3983	shanghai jiao tong university
U3983	microsoft
U28776	google
U6011	vizion interactive
U6011	search fanatics
U6011	click2rank consulting llc
U6011	seo by jt
U6011	innovadex
U6011	church of harvest
U6011	t-mobile
U6011	mercy &amp; truth medical missions
U6011	security benefit
U24091	microsoft
U24091	emory university
U24091	yahoo
U24091	shopping.com
U24087	microsoft research
U24087	university of michigan
U24087	yahoo! labs
U24087	yahoo! research
U24087	ibm cairo technology development center
U24087	cairo university
U2753	university of illinois at urbana-champaign
U14657	miami university
U14657	chineseyourway
U14657	chinese 360
U14657	harvard beijing academy
U14657	corvinus university of budapest
U21835	lawrence livermore national laboratory
U21835	university of illinois at urbana-champaign
U25627	cardinal santos medical center
U25627	advanced orthopedics for joint replacement
U25627	manila doctors hospital
U18524	ultimate software
U18524	duque &amp; ruiz consulting s.l.
U18524	oracle
U18524	sun microsystems
U18524	seebeyond
U18524	newknow
U18524	meta4
U14096	intel corporation
U14096	qualcomm
U14096	university of florida
U14096	beckman coulter
U14096	ministry of communications &amp; information technology government of india
U12932	kpmg corporate finance llc
U12932	merrill lynch
U12932	northern trust
U12932	zurich north america
U13066	clorox company
U13066	university of illinois at urbana-champaign
U13066	procter &amp; gamble
U22017	comed
U22017	apple
U22017	olow charities
U22017	notes-n-quotes
U22017	praire ensemble
U22017	t-initiative foundation
U22017	university of illinois
U7095	ted conferences
U7095	wwf-india
U7095	awakening youth for earth society
U7095	let me know
U7095	jagriti sewa sansthan
U7095	yp foundation
U13032	roosevelt university: counseling center
U13032	roosevelt university: melissa sisco ph.d
U13032	university of illinois at urbana-champaign
U13032	women's resource center
U13032	american eagle outfitters
U13032	roland realty
U1071	educational testing service (ets)
U18932	illinois state university
U15934	barclays capital
U15934	nomura
U15934	ganesh trading company
U15934	lehman brothers
U15935	boston consulting group
U15935	itc limited
U13007	university of illinois at urbana-champaign
U2684	baidu
U2684	citygrid media
U2684	buzzlabs
U2684	microsoft
U24176	bloomberg lp
U24176	industrial and enterprise system engineering
U24176	argonne national laboratory
U24176	reliance industried limited
U16177	george washington universiyt
U7351	university of illinois at urbana-champaign
U7351	tyndall national institute
U7351	mayo clinic
U7351	memorial medical center
U25605	measured progress
U25605	friendly's restaurant
U25605	iref iabs department
U27608	pine river capital management
U27608	microsoft bing search(bellevue u.s.a)
U27608	a.t.kearney
U27608	microsoft research redmond
U27608	idc
U27608	microsoft research asia
U27608	share
U27608	intel research
U11820	uhlich childrens advantage network
U19884	stepan company
U19884	celanese
U19884	university of illinois at urbana-champaign
U19884	us army corps of engineers
U7350	university of illinois at urbana-champaign
U7350	alternative spring break at university of illinois
U7350	illinois leadership center
U7350	ymca
U7350	lake park high school
U6013	vineyard school of kingdom ministry
U6013	vineyard church and iris ministries
U6013	decatur memorial hospital
U6013	angiesstore
U6013	ymca
U6013	manpower inc.
U6013	american awning
U6013	millikin university
U6013	jockey international
U6013	circus ball&quot; &#xad; iim
U6013	olympus flag and banner
U6013	bdi productions
U8110	construction engineering research lab army corps of engineers
U8110	brc
U8110	engineers without borders uiuc nigeria project
U11827	cambridge health alliance
U7049	yahoo!
U7049	ebay inc
U7049	wachovia a wells fargo company
U7049	bharat heavy electricals limited
U8036	original profender
U8036	neshaminy school district
U14138	nasa ames research center
U14138	university of illinois usa
U14138	foundation for international medical relief of children
U14138	transplants without donors llc
U24139	dynamic and smart systems laboratory
U24139	niit limited
U24139	robocup soccer 3d simulation
U8904	stephaniejbutler.com
U7035	dunnhumby
U7035	nielsen company
U7035	state farm insurance
U7035	university of illinois-department of statistics
U7035	resident hall library
U7035	university of illinois at urbana-champaign - department of mathematics
U16167	mellmo
U8048	news-gazette media group
U8048	mahomet public library
U22771	apple inc.
U22771	university of texas at austin
U22771	infinera
U22771	texas instruments
U22759	inmobi
U15994	brown and caldwell
U15994	tetra tech
U15994	american water works association
U14508	parkland college
U15341	wichita state university
U15341	netapp
U15341	commlink info tech ltd.
U15341	atp solution
U16137	cummins inc.
U16115	university of illinois at urbana-champaign
U3944	careerfocus
U3944	modern group
U3919	mediav
U3919	yahoo! beijing r&amp;d
U3919	alibaba cloud computing company
U3919	microsoft global technology supporting center
U24189	akamai technologies
U7138	sas
U7138	mozilla corporation
U7138	ibm
U7138	interrait
U4681	tufts university
U4681	stanford university
U16134	akzonobel
U16134	university of illinois at urbana-champaign
U16134	women chemists committee
U16134	nanjing university
U14500	empowered u coaching
U14500	mahomet-seymour pto
U14500	simplified computers
U14500	vineyard bible institute
U14500	vineyard church
U14500	franklin magnet middle school
U15350	disruptdev
U15350	university of illinois at urbana-champaign
U7304	trunk club
U15917	cummins inc.
U15917	university of texas at austin
U15917	merl
U15917	zeus numerix
U15917	indian institute of science
U25625	measured progress
U2153	cactus communications
U2153	american journal experts
U2153	university of illinois at urbana-champaign
U2153	university of illinois urbana-champaign
U2153	wenick &amp; finger p.c.
U8080	u.s navy
U14068	university of illinois at urbana-champaign
U22843	tata consultancy services
U28774	r&d (pinterest)
U4517	sanli pastore &amp; hill inc.
U4517	simpson &amp; simpson cpas
U4517	nepo inc.
U4517	china executive leadership program
U4517	kpmg
U4517	guangrui district financial department
U25633	universal instruments
U2677	university of illinois at urbana-champaign
U27779	amazon web services
U8298	university of virginia
U8298	university of illinois at urbana-champaign
U8298	nwfp university of engineering and technology peshawar pakistan
U8298	iqra university peshawar
U15368	bangladesh navy
U22785	pitney bowes
U10059	university of michigan
U7299	technomic inc.
U7299	obama for america
U7299	illinois senator michael frerichs
U7299	illinois legal aid online
U7299	feminist majority foundation
U7299	teach for india
U7299	rape advocacy counseling &amp; education services
U7299	early emotion lab psychology department at university of illinois-urbana champaign
U7299	foundation for international medical relief of children
U22819	citi global markets
U7983	keller williams-inskip realtyteam
U7983	keller williams realty
U7983	rector property management
U4676	nfls
U3955	google
U4489	university of illinois at urbana-champaign
U15335	rehabilitation engineering lab kyung hee university
U15335	biomedical physics &amp; tech university of dhaka.
U15296	research foundation for suny
U15296	novartis
U15296	stony brook university
U15296	stochastic logic limited
U27785	aetna
U27785	infosys
U2691	yahoo! inc.
U2691	hermes microvision inc.
U2691	fastvdo inc.
U2691	siemens corporate research
U2691	eastman kodak
U14542	ovation in-store
U16089	quora
U16089	singapore-mit alliance for research &amp; technology
U16089	empiricus capital management group
U14124	dow chemical company
U14124	kenis research group
U14124	f.y.e
U14072	texas a&m university
U27471	china post ecommerce
U27471	university of illinois at urbana-champaign
U27471	hu-friedy mfg. co. llc
U27471	china telecom
U8076	us army
U7239	university of illinois at urbana-champaign
U7239	state farm insurance
U10637	secretaria de estado da educacao de rondÃ´nia
U15950	c&amp;d zodiac aerospace (montreal office)
U15950	kirst gmbh
U15950	industrial research &amp; consultancy centre iit bombay
U15950	university of illinois at urbana-champaign
U15950	university of erlangen-nuremberg
U24054	china national petroleum corporation
U10062	benefit services group inc.
U15308	quandl
U15308	kona software lab ltd.
U15308	human technology interaction
U15308	structured data systems limited (sdsl)
U19896	university of illinois at urbana-champaign
U19896	carnegie mellon university
U27603	nvidia
U27603	fudan university
U27603	marvell semiconductor
U27603	microsoft
U7256	university of illinois at urbana-champaign
U14577	stryker
U14577	zuzati inc. dba bidbass.com
U14577	international business consulting &amp; educational services
U14577	aon hewitt
U14577	industrial and commercial bank of china
U4647	pricewaterhousecoopers
U9138	university of illinois at urbana-champaign
U9138	north carolina state university
U24231	university of illinois at urbana-champaign
U18560	ultimate software
U4455	ets
U24082	google
U24082	turn
U24082	polyvore
U24082	carnegie mellon university
U24082	sohu.com
U22068	c2 education
U22068	america reads america counts
U22068	gaskins lab of mucosal biology
U22068	dixon springs research center
U22068	uiuc poultry research farm
U7987	life community church of mahomet
U22041	estee lauder group of companies
U22041	benefit cosmetics
U22041	peer health education
U22041	university of illinois at urbana-champaign
U22041	cosmos press inc.
U22041	college of media
U22041	planned parenthood of illinois
U27776	university of illinois at urbana-champaign
U1104	universiti teknologi malaysia
U1104	national board of osteopathic medical examiner - clinical skills testing
U1104	center for educational testing and evaluation
U1104	center for research on learning
U1104	university of kansas
U8106	powerhandling inc.
U24171	advent integrated
U2108	great commission ministries
U2108	university of illinois at urbana-champaign
U2108	national center for supercomputing applications
U3918	baidu inc.
U3899	yahoo!
U3899	microsoft
U3899	alibaba.com
U3899	ibm
U3914	sjtu
U3914	taobao
U2631	university of texas at austin
U2631	google
U2631	microsoft research asia
U2631	msra-ucla research in industrial projects for students
U24218	lucena research
U24218	georgia institute of technology
U9709	lyondellbasell
U9709	university of alabama
U9709	subway
U9709	girl scouts of western ohio
U8030	santo chiropractic neurology center inc.
U3947	hp software
U3947	alibaba cloud computing company
U3947	suzhou keda technology co. ltd
U6025	university of iowa
U10068	archimages
U10068	hastings &amp; chivetta architects
U10068	quandrant design inc.
U10068	fox architects inc.
U10068	woolpert llp
U10068	university of illinois at urbana-champaign
U10068	southern engineering corp.
U2622	yahoo! labs
U2622	idiap research institute
U2622	eth z&#xfc;rich
U2622	mit
U2622	computer vision &amp; active perception lab (cvap) kth
U15267	university of illinois at urbana-champaign
U15267	bangladesh university of engineering and technology
U14532	legacy investment advisors llc
U27691	north carolina state university
U27691	national chiao tung university
U10050	isabel azalia photography
U16197	china overseas property
U8909	john birch society
U8909	perkins county sheriff's department
U2723	pinterest
U2723	ucla
U2723	google
U2723	tsinghua university
U2723	microsoft research asia
U14499	campioin barrow and assoc of il
U27792	digital artist management
U10631	ets
U1196	center for educational testing and evaluation
U1196	national center for improvement of educational assessment inc
U1196	educational testing service
U1196	american institutes for research
U1196	pinkerton computer consultants inc
U1196	nyma inc
U1196	university of virginia
U1196	cornell university
U1196	reading is fundamental inc
U3909	microsoft
U3909	alibaba.com
U16101	idg ventures
U16101	axdia international gmbh
U16101	fraunhofer iais
U16101	idg media fundation
U21443	university of illinois at urbana-champaign
U8088	hanwha l&c alabama
U4661	&#x3000;uiuc
U4661	wuhan asian microelectronics co. ltd. china
U27698	siemens healthcare
U27698	shanghai office zhenjiang ymx garment co.
U27698	shanghai jiaoyun group
U2650	university of queensland
U2650	microsoft reseach asia
U2650	nokia siemens networks
U14119	fugro
U14119	university of illinois at urbana-champaign
U14119	university of new south wales
U14119	delhi metro rail corporation ltd
U7270	goldman sachs
U7270	illinois business consulting
U7270	university of illinois at urbana-champaign
U27518	arizona state university
U15307	kona software lab ltd. (r&amp;d center of konai s. korea))
U15307	bangladesh bureau of statistics
U15307	progmaatic developer network
U15307	dhaka - gtug
U15307	technology solutions limited
U27801	shanghai da chien education information consulting company
U27801	expat learning center
U6001	sony biotechnology inc.
U6001	icyt mission technology
U6001	mindseye design &amp; drafting
U6001	frasca international incorporated
U6001	flex-n-gate
U6001	mpc products
U21995	university of illinois at urbana-champaign
U9665	argonne national laboratory
U5981	elemental imaging
U5981	command performance research
U5981	killer works
U5981	undisclosed
U5981	actency
U5981	abner guzman phd
U5981	uiknow inc.
U5981	electronic arts
U5981	department of computer science university of illinois at urbana-champaign
U5981	motorola
U5981	mimosa accoustics
U5981	gas technology institute
U5981	baxter healthcare
U1199	data recognition corporation
U1199	ctb mcgraw-hill
U1199	georgia center for assessment at uga
U1199	ets
U1199	ctb mcgraw hill
U15359	old dominion university
U15359	relisource
U15359	uniqa software and systems ltd.
U9649	imi cornelius
U9649	corona labs
U9649	jsc global solutions
U9649	university of illinois at urbana-champaign
U9649	card personalisation solutions
U22747	university of illinois at urbana-champaign
U22747	intel
U22747	oracle india pvt ltd
U22747	microsoft research india labs
U22747	bhabha atomic research center
U1089	university of iowa
U24092	shenzhen absen optoelectronic co. ltd
U5983	burton design
U5983	carle foundation hospital
U7917	rehabilitation institute of chicago
U7917	china medical university
U7917	northwestern university feinberg school of medicine
U7917	evanston northwestern healthcare
U7917	rush university medical center
U18916	university of illinois at urbana-champaign
U7167	champaign-urbana special recreation
U7167	old navy
U25559	urbana high school
U25559	university of illinois at urbana-champaign
U7349	glenbard township high school district 87
U7349	grainger engineering library
U7349	alternative spring break
U7349	university of illinois at urbana-champaign
U7349	university ymca
U7349	university of ymca student board
U7349	resolutions employment assistant program
U3894	trivest
U3894	shanghai prosperity fund
U3894	cid group
U27642	quantcast
U4641	argus information and advisory services
U4641	elustria capital partners
U4641	tsinghua university
U4641	cicc
U4641	roland berger strategy consultants
U4641	hsbc
U9122	university of illinois at urbana-champaign
U16204	harvard school of public health
U16204	university of michigan
U16204	hkust
U21827	beumer consulting
U21827	illini life christian fellowship
U21827	binghampton development corporation
U1174	psychometric society
U1174	university of barcelona
U24064	twitter
U7990	firstech inc
U9128	hughes development corp
U9128	albrecht imaging
U9128	confidential
U9128	university of illinois at urbana-champaign
U9128	my place bar and grill
U9128	dupont
U15928	deutsche bank
U25641	hopewell consulting llc
U25641	educational testing service
U15334	admetrics communications
U15334	university of british columbia
U15334	dohatec new media
U1380	north carolina department of public instruction
U1380	ctb mcgraw hill
U1380	north carolina state university
U1380	wake county opportunities inc.
U1380	kalorama children&#x2019;s program
U14043	arcelormittal
U14043	asm chicago regional chapter
U14043	university of illinois at chicago
U9667	john deere
U9667	chillers inc
U9667	panera bread
U15190	university of illinois animal sciences department
U11597	baidu inc.
U27742	university of southern california
U27742	university of delaware
U22838	intel corporation
U22838	mt. hood meadows ski resort
U22838	microsoft research india bangalore
U22838	central electrical engineering research institute pilani india
U22838	master control facility indian space research organization hassan
U8113	delaware diamond knives
U7317	aerofs
U7317	bazaarvoice
U7317	university of illinois at urbana-champaign
U7317	cisco systems
U7317	readjournal
U14080	university of illinois at urbana-champaign
U14080	hewlett-packard laboratories
U14080	independent contractor
U14080	microsoft
U14080	oracle
U15317	progmaatic developer network
U15317	6degree communications ltd.
U15317	nazimcorp resource gateway
U15317	bdhaat e-tech ltd.
U27600	university of delaware
U2724	university of illinois
U7972	shapemaster inc.
U7972	trees of field woodworking
U22836	swank motion pictures
U22836	general mills
U22836	limited
U22836	illini media
U22836	asian american culture center
U16174	qualcomm innovation center inc
U16174	university of illinois at urbana-champaign
U16174	synopsys
U27525	microsoft
U27525	qad
U18549	ultimate software
U18549	florida institute for human &amp; machine cognition
U18549	belen jesuit preparatory school
U18549	financial management service us dept of treasury
U18549	suntrust bank
U1238	international center for leadership in education
U1238	smarter balanced assessment consortium
U1238	council of chief state school officers (ccsso)
U1238	maine department of education
U7909	reasoning mind
U7909	houston isd
U7909	university of illinois at urbana-champaign
U7909	inc research
U14113	matrix engineering corporation
U14113	baldridge &amp; associates
U14113	university of illinois at urbana-champaign
U14113	development consultants pvt. ltd.
U14113	reliance energy limited
U27515	facebook
U27515	amazon.com
U11828	ramquist and co.
U14125	software competitiveness international
U14125	wexgroup
U14125	intered
U7114	state farm insurance
U7114	after diamond
U7114	state farm research center
U15297	marquette university
U15297	prime bank ltd.
U7234	mit
U7234	facebook
U7234	netapp
U7234	vistaprint
U7234	biogen idec
U19831	young business professionals of coastal bend
U19831	celanese
U19831	university of illinois at urbana-champaign
U19831	american institute of chemical engineers
U19831	dow corning
U19831	exelon nuclear
U22030	university of illinois at urbana-champaign crop sciences
U22030	krannert center for performing arts
U22030	alternative spring break at university of illinois
U22030	cognitive neuroimaging laboratory
U22030	american medical student association at university of illinois
U22030	prospect heights park district
U22030	provena covenant medical center
U7319	amazon
U7319	neustar inc.
U7319	university of illinois at urbana-champaign
U24045	university of illinois at urbana-champaign
U24045	ibm
U4628	university of illinois at urbana-champaign
U10618	university of cambridge esol examinations
U4633	university of michigan
U4633	nanjing university
U27663	options group
U27618	university of illinois at urbana-champaign
U13959	microsoft
U13959	university of illinois at urbana-champaign
U13959	morgan stanley
U13959	alcatel-lucent - bell labs
U27532	fengdie index information
U27532	hewlett-packard
U27532	convergys
U24550	university of illinois at urbana-champaign
U24550	st. jude's recovery center
U24550	girl scouts of greater atlanta inc.
U9141	i-stem education initiative
U9141	university of illinois at urbana-champaign
U9141	university of chicago
U9141	pilsen wellness center inc.
U24198	sci
U24198	islamic azad university (iau)- Ø¯Ø§ÙØ´Ú¯Ø§Ù Ø¢Ø²Ø§Ø¯ Ø§Ø³ÙØ§ÙÛ
U7096	cosmopolitan magazine india
U7096	mega modelz magazine
U7096	impulse films - filmmaking workshops
U8049	cold hand arms llc
U7315	university of illinois at urbana-champaign
U7315	walsh construction
U7315	city of champaign public works
U7315	deloitte consulting
U7315	university of illinois mathematics department
U7315	building research council
U1331	renaissace learning
U1331	olsen consulting
U1331	alpine testing solutions inc.
U1331	alpine media corporation
U1331	institute for computer uses in education orem ut
U1331	wicat inc and wicat systems
U27692	new york private bank &amp; trust
U27692	altfest personal wealth management
U27692	swaps monitor publications inc.
U27692	quirky.com
U27692	illinois business consulting
U27692	china mobile
U12957	il senate republican staff
U12957	university of illinois at urbana-champaign
U12957	college of lake county
U12957	clc student life
U12957	clc board of trustees
U12957	campus crusade for christ
U12957	clc student government association
U27507	goldman sachs
U27507	university of illinois at urbana-champaign
U16141	oracle
U16141	dartmouth college
U16141	digital finance software development company ltd
U16141	frontfree technology network
U21969	university of illinois at urbana-champaign
U21969	universty of illinois residence halls
U21969	hillery's bar-b-que
U7220	google
U7220	facebook
U25594	american board of internal medicine
U27763	microsoft
U27763	morgan stanley
U15311	university of waterloo
U15311	runner cyberlink ltd. (bd)
U15311	buet
U15311	bangladesh university of engineering &amp; technology
U1147	ets
U1147	educational testing service
U15944	brown and caldwell
U15944	university of illinois at urbana-champaign
U11817	science applications international corporation
U7347	university housing
U7347	hydrosystems laboratory
U7347	ch2m hill
U14121	accenture
U14121	ote
U7105	points of light foundation
U7105	university of illinois at urbana-champaign
U7105	georgia department of education
U7105	spelman college
U7105	hands on atlanta
U16127	robert bosch gmbh
U16127	schlumberger
U16127	mathematical biosciences institute ohio state univeristy
U16127	institute for mathematics and its application university of minnesota
U16127	stanford university
U22865	iit madras
U18562	ultimate software
U18562	motorola inc. plantation fl
U18562	motorola inc. boynton beach fl
U18562	hcs lab university of florida
U18562	fiu university computer services
U15336	own night app
U15336	mste office at illinois
U15336	engineering it shared services
U7294	goldman sachs
U4562	university of illinois at urbana-champaign
U4562	university of science and technology of china
U4562	hkust
U7295	galt &amp; company
U7295	abbott laboratories
U7295	zs associates
U7295	abbott diabetes care
U7338	hitachi consulting
U7338	procter &amp; gamble
U7338	university of illinois foundation
U7338	tepper mann &amp; cottrell p.c
U7338	self
U7338	round lake area park district
U4630	louisiana state university
U5980	shapemaster inc.
U3939	vertica systems
U7080	facebook
U7080	freshbooks
U7080	lookout
U7080	five mobile inc.
U7080	d.t. experience
U7080	kumon
U7080	flickz
U22022	university of illinois at urbana-champaign
U22022	golds gym
U22022	walmart
U4688	goodfriend magruder structure llc
U24100	tiger global management
U24100	warburg pincus
U24100	morgan stanley
U27617	university of illinois at urbana-champaign
U19874	university of illinois at urbana-champaign
U19874	oak ridge national laboratory
U19874	sauk valley community college
U19874	us army
U4619	ministry of tofu
U4619	linktv
U4619	university of illinois at urbana-champaign
U4619	beijing foreign studies university
U22088	university of illinois at springfield
U22088	family video
U27649	google
U27649	medallia inc.
U27649	putao (http: pt.sjtu.edu.cn) p2p sharing community in shanghai jiao tong university
U27649	morgan stanley
U27791	google
U27791	georgia institute of technology
U22072	wellness revolution
U22072	university of illinois at urbana-champaign
U22072	baby-speaking
U22072	round ground metals inc.
U22072	private
U4652	princeton university
U4652	columbia university
U18983	greenpeace
U18983	big appetite network
U18983	global campaign for climate action (gcca)
U18983	undp
U18983	carnegie endowment for international peace
U18983	global social venture competition
U8900	northgate church
U13968	psycray corp
U13968	usa strategies inc.
U13968	affluence corporation
U13968	searchchannel llc
U7326	nbcuniversal inc.
U7326	left brain right brain productions llc
U7326	new chapter entertainment
U7326	harpo productions
U7326	law office of christine garner
U7326	university of illinois at urbana-champaign
U7326	wcia-tv
U7326	wifr
U2746	linkedin
U2746	university of massachusetts amherst
U2746	beijing institute of technology
U8068	branson chiropractic and nutrition
U18516	ultimate software
U7180	yahoo!
U7180	edelman
U7180	startup ucla
U7180	illumination entertainment
U7180	jam 11 inc.
U7180	india community center
U7180	pixsense
U16140	ku leuven
U27648	rutgers university
U27648	shanghai jiao tong university
U27648	intel
U2140	semprius
U2140	university of illinois at urbana-champaign
U11823	airtran airways
U9680	champaign-urbana community fabrication laboratory
U9680	manplan inc
U4461	dow chemical
U22854	examkrackers
U22854	carle foundation hospital
U22854	university of chicago medical center
U22854	university of illinois at chicago
U22854	amg gastroenterologist's ltd.
U4680	stanford university
U27635	wireless lifestyle
U27635	marketing arm
U27635	devolution solutions
U21838	lacunavinea inc. nfp
U21838	vibes media
U7203	sandisk
U7203	university of california berkeley
U7203	yahoo!
U7203	siemens
U2653	skywatch innovation inc.
U2653	microsoft
U2653	mediatek
U2653	network benchmarking lab
U24113	stanford university
U25618	sophos
U8090	arch crown inc
U8090	raider performance
U8090	lda technical consulting llc
U1178	measured progress
U7198	nationwide insurance
U7198	ohio state university
U7198	iit delhi
U1282	michigan state university
U1282	educational testing service
U1282	act inc
U1282	can tho university vietnam
U1282	ghent university belgium
U1226	measured progress
U1226	act
U15957	international air transport association (iata)
U15957	university of illinois at urbana-champaign
U27516	cicc
U27516	china life insurance co.ltd
U18915	philips research ny
U24177	gfk
U24177	celonis gmbh
U24177	apa-iutcert
U24177	farabord
U15919	avanti fellows
U15919	cognizant technology solutions
U4025	ebay inc
U4025	shanda interactive entertainment ltd.
U4025	ebay research labs china
U4025	ibm
U4025	national instruments
U2680	university of illinois at chicago
U18962	uc irvine
U15333	university of illinois at urbana-champaign
U15333	ebay inc
U15333	groupon
U15333	state farm insurance
U15333	engineering it shared services
U15333	prof. lawrence angrave research group
U15333	shahjalal university of science and technology
U22059	illinois department of children and family services
U1047	fordham university graduate school of education
U1047	college board
U6028	marlen international
U7176	hitachi consulting
U7176	king's international english
U7176	aiesec illinois
U7176	university of illinois
U7176	crowe horwath
U7176	state farm insurance
U7176	medical records at morris hospital
U24247	university of illinois at urbana-champaign
U24247	i coppi
U24247	ingaldsby farm
U12020	international development evaluation association
U12020	hamdan bin mohammed e-university
U12020	edueval educational consultancy
U27569	china investment corporation
U27569	businux inc
U27569	cme group
U27569	illinois institute of technology
U27569	deutsche bank
U27569	tianxiawen
U27738	adrenaline mobility inc.
U27738	university of illinois at urbana-champaign
U27738	facebook
U27738	samsung information systems america
U27738	microsoft
U27674	mathworks
U27674	university of north carolina at chapel hill
U4610	soci&#xe9;t&#xe9; g&#xe9;n&#xe9;rale cib
U4610	amazon.com
U25636	cito
U1303	graduate school city university of new york
U1303	center for advanced study in education
U7253	university of illinois at urbana-champaign
U7253	boeing
U7253	harper community college
U24158	shega
U24158	ific
U27941	university of illinois at urbana-champaign
U27941	ibm t.j.watson
U27941	los alamos national laboratory
U27941	motorola
U9627	otcr consulting
U9627	advocate health care
U8721	google
U8721	university of illinois at urbana-champaign
U8721	hewlett-packard laboratories
U8721	yahoo!
U15344	cubicasa oy
U27707	university of illinois at urbana-champaign
U27707	microsoft
U27707	intel china research center
U1254	act inc.
U1254	council for international visitors to iowa cities (civic)
U1254	pearson
U1254	cms bureau francis lefebvre
U1254	cuevas garizurieta law firm
U18938	sproxil inc
U18938	graphics visualization &amp; interaction group of brown university
U18938	institute of computing technology chinese academy of sciences
U7090	twitter
U7090	facebook
U7090	university of illinois at urbana-champaign
U7090	carnegie mellon university
U7090	uc santa cruz
U7090	hewlett-packard
U2663	zhejiang university
U2663	ucla
U2663	microsoft research china
U27542	commerzbank ag
U27542	capstone investment advisors
U7370	siemens healthcare
U15287	cameron
U15287	louisiana state university
U15287	nasa
U15287	bangladesh university of engineering &amp; technology
U15287	navana cng limited
U15287	battle of minds-batb 2010
U15287	aol ltd technology
U27332	amazon
U27332	standard chartered bank
U27332	no.1 puppy
U27508	citic securities
U27508	jiangsu sainty corp.ltd.
U27508	newmargin ventures
U27508	standard chartered bank
U27508	agricultural bank of china
U21970	uic-illinois college advising corps
U21970	university of illinois - illinois college advising corps
U21970	pattycake daycare
U21970	university of illinois at chicago
U21970	walgreens
U14479	vineyard ministries central mexico
U24184	spot trading llc
U24184	intelligent medical objects
U24184	dr. h.r thompson md
U24184	china automotive industry engineering corp.
U5977	vineyard church of champaign-urbana il
U14131	facebook
U14131	microsoft
U14131	google
U14131	telco in a box
U14131	university of new south wales
U8050	self-employed
U27287	university of illinois at urbana-champaign
U13954	university of illinois at urbana-champaign
U13954	microsoft research
U13954	naval research laboratory
U13954	washington university in st. louis
U24142	ipm
U24142	isfahan university of technology
U24142	medical image and signal processing research center isfahan university of medical sciences
U2180	riverbed technology
U2180	luster software
U2180	health alliance medical plans
U2180	ral recoveries
U2180	personalcare
U13029	due west education
U13029	center for east asian and pacific studies
U13029	university of illinois at urbana-champaign
U13029	diversity education and social justice
U3989	noah's ark lab huawei technologies co. ltd.
U3989	baidu inc.
U18928	daimler trucks north america
U18928	ace properties and management llc
U18928	caterpillar inc.
U18928	caterpillar champaign simulation center
U18928	university of illinois at urbana-champaign
U18928	science technology and information center national science council
U18928	corporate synergy development center
U8702	university of illinois at urbana-champaign
U8702	xerox research center webster
U8702	national center for supercomputing applications
U8702	bangladesh university of engineering &amp; technology
U14566	faa
U8100	boda corporation
U8100	black squirrel bed &amp; breakfast
U8100	harra decal
U8100	murfin division menasha corporation
U1055	graduate management admission council&#xae; (gmac&#xae;)
U1055	university of massachusetts amherst
U1055	republic of korea army
U4542	caterpillar inc.
U4542	university of illinois at urbana-champaign
U4542	nondestructive tesing center tsinghua univ.
U4568	google
U4568	university of illinois at urbana-champaign
U4568	samsung
U4568	bell laboratories
U22074	university of illinois at chicago
U22074	university of illinois springfield
U22045	chicago public schools
U24224	neustar inc.
U18555	mindtree ltd.
U18555	university of florida
U18555	niche mobile
U18555	programming team
U18555	samuel p. harn museum of art
U18555	morikami museum and japanese gardens
U14498	northern illinois university
U14498	university of wisconsin-madison
U14498	west virginia university
U18942	university of illinois at urbana-champaign
U18942	xiamen university
U24238	university of alberta
U8768	microsoft research
U8768	university of illinois at urbana-champaign
U8768	hewlett-packard laboratories
U8768	xerox innovation group xerox research center webster
U8768	university of waterloo
U8768	bangladesh university of engineering &amp; technology
U8066	a. schulman inc.
U11566	university of illinois at urbana-champaign
U11566	linkedin
U11566	google
U11566	microsoft
U16084	kcg
U16084	columbia university
U16084	knight capital group
U14526	cunningham children's home
U14531	vineyard church of paxton illinois
U14531	vineyard bible institute
U14531	abbott power plant university of illinois
U22817	peregrine semiconductor
U22817	usc marshall school of business
U22817	texas instruments
U22817	microchip technology
U16078	university of illinois at urbana-champaign
U7989	prairie winds of urbana
U7989	wolfram research
U7989	news-gazette inc
U7989	university inn
U8098	federal law enforcement training center
U8098	west park digital media
U8098	illinois state police investigations
U8098	natia
U27602	google
U9710	qualcomm
U9710	college of business university of illinois at urbana-champaign
U9126	office of community college research and leadership
U9126	higher learning commission
U9126	chaparral college
U15949	deutsche bank
U15294	texas tech university
U14547	express employment professionals
U14547	chitralada palace school
U14547	hyatt regency hill country resort and spa
U25610	abacus automation
U25610	donald j. allen
U15482	keller williams realty trec llc
U27475	university of texas at austin
U27475	paypal
U27475	yelp.com
U27475	samsung engineering &amp; construction
U27475	protect america inc.
U27475	ellusionist inc.
U27475	adaptive home inc
U27475	tokyo steakhouse
U27475	modern japan development llp
U27704	university of illinois at urbana-champaign
U22775	tata consultancy services
U22775	oracle corporation
U22775	ample communications
U22775	cognizant technology solutions
U22775	ge healthcare
U2750	stanford university
U2750	tsinghua university
U2750	mirosoft research asia
U4000	renhe.cn
U4000	oracle
U4000	cicc
U19848	hospira
U19848	american institute of chemical engineers
U19848	wolfram research
U19848	university of illinois at urbana-champaign
U19848	bon ton stores inc.
U14537	 
U16153	university of michigan health system
U16153	boston consulting group
U16153	center for entrepreneurship university of michigan
U16153	mckinsey &amp; company
U16153	daolan group
U16153	peking university
U16219	university of illinois at urbana-champaign
U16219	national center for supercomputing applications
U16219	academia sinica institute of astronomy and astrophysics
U15349	university of illinois at chicago
U15349	arris
U15349	qi analysis inc
U15349	ibais university
U15349	nazimcorp resource gateway
U27494	google
U27494	alibaba cloud computing
U27494	eleme inc.
U27494	microsoft
U1044	national board of osteopathic medical examiners
U1044	qualitymetric
U1044	ctb mcgraw hill
U1044	american institutes for research
U1044	castro valley unified school district
U11563	university of illinois at urbana-champaign
U11563	ebay
U27575	ohio state university
U27575	at&amp;t shannon labs research
U27575	shanghai jiao tong university
U27575	microsoft research asia
U11580	google
U11580	yahoo!
U11580	microsoft research asia
U8269	amazon
U8269	university of illinois at urbana-champaign
U8269	tsinghua university
U7024	university of illinois at urbana-champaign
U19873	groupon
U19873	university of illinois at urbana-champaign
U19873	zephyr health inc.
U19873	gardenbot
U19873	archer daniels midland
U19873	mission repair
U2744	rensselaer polytechnic institute
U7281	idubba.com
U7281	mozilla corporation
U7281	x.org
U4485	university of illinois at urbana-champaign
U4485	center for study of reading
U7202	google
U7202	university of illinois at urbana-champaign
U7986	chris brown photography
U14496	english language institute of wisconsin lutheran college
U14496	vineyard church
U14496	staske photography
U4563	yanjiang township peasant fund cooperation
U4563	jinshentian group
U4563	jst real estate
U2734	microsoft
U2734	google inc
U27634	baidu @ china
U16091	wichita state university
U16091	state farm
U16091	university of illinois at urbana-champaign
U16091	sr research inc
U16091	eptco group
U16091	peking university
U16091	microsoft
U14529	cunningham children's home
U18964	naturelaw international consulting company
U4685	university of illinois at urbana-champaign
U22803	ca technologies
U18570	ultimate software
U18570	amazon
U18570	orlando utilities commission
U27726	asana
U27726	facebook
U27726	google
U27726	strategic data corp
U27726	adaptive ai inc
U27726	telseon
U27726	hewlett-packard
U4452	university of illinois
U4010	google
U4010	microsoft
U22861	reliance
U22861	bharti airtel limited
U18593	university of illinois at urbana-champaign
U18593	dartmouth college
U18593	mit lincoln laboratory
U18593	harvard university
U18593	tufts university
U18593	butler center
U18593	college of holy cross
U27758	google
U27753	school of software shanghai jiao tong university
U14557	merrill lynch
U14150	transpac aviation academy
U14150	university of illinois at urbana-champaign
U14150	ja air center
U25563	amazon
U25563	university of illinois at urbana-champaign
U25563	apt-hire
U25563	global china connection
U21848	bloomington project
U21848	redeemer presbyterian church (indianapolis)
U21848	covenant theological seminary
U21848	journey
U21848	great commission ministries
U21848	hazelwood east high school
U27772	university of south florida
U15974	kisco global llc usa
U15974	kisco castings
U15342	university of illinois at urbana-champaign
U18557	mbconsulting
U24183	consolsys sdn bhd
U24183	mabna card aria
U24183	persian easy payment
U24183	gaj (jokaar educational group)
U24183	idea negar energy sabz
U24183	tsp - keymile
U24183	javaneh software co.
U7141	amazon
U7141	university of illinois at urbana-champaign
U7141	qualcomm
U7141	research in motion
U3922	baidu inc.
U16085	globalfoundries
U27656	graffiti labs
U27656	yelp.com
U27656	independent
U27656	apple inc.
U27656	space train
U27656	mimvista corp.
U27656	infusion partners
U1379	wested
U15197	qualcomm innovation center inc
U15197	campus information technologies and educational services
U15197	smartplay technologies
U7082	vmware
U7074	regional economics applications laboratory
U7074	igpa collaboration with headstart
U7074	pace learning center
U7074	newcomer high school
U8279	information trust institute
U8279	university of illinois at urbana-champaign
U7288	salesforce.com
U7288	state farm insurance
U7288	caterpillar inc.
U15286	dhi
U4606	3m
U4606	university of illinois at urbana-champaign
U7117	intel corporation
U7117	paul kenis research group
U7117	john a. rogers research group
U4005	wayfair
U4005	bloomberg
U8670	akamai technologies
U8670	university of illinois at urbana-champaign
U8670	neustar inc.
U14123	niksun
U14123	university of illinois at urbana-champaign
U14123	ieee
U7189	linkedin
U7189	morgan stanley smith barney
U7189	bizmerge inc.
U7189	pacific gas &amp; electric
U7189	alpha kappa psi
U7377	cancer prevention and research institute of texas
U7377	hostgator.com
U7377	threads of time
U7377	university of illinois at urbana-champaign
U9711	qualcomm
U9711	ibm
U9711	fermilab
U9711	wolfram research
U22849	intel corporation
U22849	university of illinois at urbana-champaign
U22849	university of melbourne
U18597	americorps
U18597	old key lime house
U18597	le petit pain bakery
U1119	university of alberta
U27737	ebay inc
U12970	caterpillar inc.
U12970	university of illinois at urbana-champaign
U12970	seascape family aquatic center
U12970	california pizza kitchen
U12970	jamba juice
U7402	huntington learning center
U7402	uiuc communications library
U7402	students for life of illinois
U7402	university of illinois at urbana-champaign
U7402	missionyouth pastoral support services
U28772	honda research institute usa inc.
U28772	ibm
U28772	cycorp
U7091	illinois college advising corps
U27761	3m
U27761	general electric
U27549	shanghai uqee network co. ltd
U14007	university of illinois at urbana-champaign
U14007	par works inc. (an allied minds company)
U4635	gruebele group
U4635	university of illinois at urbana-champaign
U4635	carle foundation hospital
U4635	highland park hospital
U4635	starbucks
U14519	vineyard church
U8795	university of illinois at urbana-champaign
U8795	nec laboratories america
U8795	pinpoint!me
U8795	nvidia
U22820	deloitte
U22820	asian paints
U22820	tata consultancy services
U27622	moody's analytics
U27777	yuhuan taijie hardware co. ltd.
U27784	deloitte
U27784	beijing ruizhi education consulting co. ltd.
U27784	dragon republic llc
U10607	alpine testing solutions
U27613	yelp.com
U27798	university of michigan
U27798	ibm almaden research center
U14564	university of illinois at urbana-champaign
U14112	university of illinois at urbana-champaign
U14112	indian airlines limited
U14112	national aerospace laboratory
U4586	university of illinois at urbana-champaign
U4586	parker hannifin
U4586	lam research
U4586	tsinghua university
U4586	silk road franco-chinese exchange program
U8828	university of illinois at urbana-champaign
U9663	caterpillar inc.
U9663	marian senior care center
U18520	floorforce llc.
U22044	north american students of cooperation (nasco) properties executive board
U22044	university of illinois women's resources center
U22044	harvest house vegetarian vegan cooperative
